burden_category,BMI0,RECACTI0,SMOKENO0,AGE0,FSH0,E2AVE0
Low (0-1),25.945878512644345,2.5586206896551724,-0.21379310344827587,45.765517241379314,22.62041095890411,71.69982876712602
Moderate (2-3),27.62256441638462,2.728476821192053,-0.05518763796909492,45.879970544919,23.775095729013255,77.78254418262424
High (4-6),28.948608518072355,2.755567928730512,0.07739420935412027,45.833333333333336,25.092317673378076,76.35647512577127
